time,FL_p_test,TC_t_test
0.01,"[0.3299147541145891, -46.62327521072102, 33.30116686982798]","[-0.5636507606241618, -44.78053187559963, 35.737831674154464]"
0.01994949494949495,"[0.328435070750196, -46.97970978492469, 32.79642280707299]","[-0.5810044150813828, -45.85791810760575, 34.34414259691927]"
0.0298989898989899,"[0.3235524743495264, -46.96263491306488, 32.820916895026954]","[-0.5832386198550291, -48.071298474115295, 31.170762674926248]"
0.03984848484848486,"[0.322613197745408, -46.12951385633266, 33.9819102187443]","[-0.5553767555317818, -48.89870501290501, 29.856566358710058]"
0.04979797979797981,"[0.3319360269507247, -45.02023049638379, 35.43832691505388]","[-0.532180143387088, -47.5697631947845, 31.931814290748562]"
0.05974747474747476,"[0.3519450602546327, -44.89605067241822, 35.595324393885825]","[-0.5495646882156383, -44.77302228458782, 35.74745870924272]"
0.0696969696969697,"[0.36448442334724607, -46.43221894371911, 33.56668802666439]","[-0.624029236810148, -44.33060039983022, 36.293454033942865]"
0.07964646464646466,"[0.3561771882164125, -46.77918286048553, 33.081528663705896]","[-0.6476286830885792, -48.286316853001914, 30.835345496233526]"
0.0895959595959596,"[0.36164108725032645, -45.029320524021074, 35.42648527416644]","[-0.5929023828953286, -48.22449303704919, 30.93304201166926]"
0.09954545454545455,"[0.38813849260246686, -44.4199540133922, 36.18733734292186]","[-0.6020922358565335, -44.76320043874837, 35.75891107726441]"
0.1094949494949495,"[0.40457096066256437, -45.45806919653681, 34.87415400081276]","[-0.6587563481627225, -43.27208472890077, 37.54862278833048]"
0.1194444444444445,"[0.40708042081909274, -46.105880599503884, 34.01306233915172]","[-0.6936921150475309, -43.641777634870394, 37.11765598916224]"
0.1293939393939394,"[0.40700675084444754, -46.04189437267024, 34.0996284157524]","[-0.6900890430930533, -43.56432876501396, 37.208592910484064]"
0.1393434343434344,"[0.4002899906773222, -45.00125090803417, 35.46171928498759]","[-0.635250058196655, -43.500622478353876, 37.28402675906987]"
0.1492929292929293,"[0.3682125410030136, -44.605794082033974, 35.95822442568008]","[-0.5869042226257387, -47.322069117562, 32.29680584636649]"
0.1592424242424243,"[0.3580631077195609, -46.940725403028814, 32.85188639119648]","[-0.6542570721687948, -47.551753050589596, 31.95636211321628]"
0.1691919191919192,"[0.34693277998250865, -44.759936689970296, 35.766381633704135]","[-0.540378047266625, -45.419480682905096, 34.922558842000505]"
0.1791414141414142,"[0.32849967341217134, -46.9729511392532, 32.806101555132145]","[-0.5806530357582355, -45.82298254346919, 34.39074676253377]"
0.1890909090909091,"[0.2948081975215089, -46.71907317595374, 33.16696609155409]","[-0.5176199324772273, -48.712163261704035, 30.160629469265693]"
0.1990404040404041,"[0.2739312128969756, -46.04014295718498, 34.10332165910405]","[-0.45532144860952906, -48.51903701692137, 30.47133209002841]"
0.208989898989899,"[0.2548340463048867, -46.060978046686806, 34.075324077743176]","[-0.41907848056164443, -48.32663831135297, 30.776074355943212]"
0.2189393939393939,"[0.235136825003893, -46.79782383528401, 33.05623609800418]","[-0.40134303764177226, -48.674790384303044, 30.222674514708995]"
0.2288888888888889,"[0.22321651451268187, -47.31952228448566, 32.30509766534466]","[-0.38330708986396544, -46.547451895456874, 33.40649858525632]"
0.2388383838383839,"[0.19933781408113574, -46.27799433392303, 33.78037677227726]","[-0.3206456003208711, -47.73129097027977, 31.69270260992627]"
0.2487878787878788,"[0.18742463283338337, -47.02157914506944, 32.737475723133]","[-0.3078138876949619, -46.01544774359356, 34.13634675208957]"
0.2587373737373738,"[0.16748306279205674, -47.05175250828468, 32.69420262576454]","[-0.2795672895552833, -48.48686398473559, 30.524616509763145]"
0.2686868686868688,"[0.16064233363797106, -47.59277853208068, 31.901535631513216]","[-0.2739273950069234, -47.471203924832, 32.08139821954498]"
0.2786363636363636,"[0.15309396617368246, -47.59565308643816, 31.897283889458286]","[-0.26110463367573333, -47.890115550444776, 31.452742439206542]"
0.2885858585858586,"[0.1480509530497459, -46.785272109945275, 33.074502936936504]","[-0.23937058607845146, -47.920463316161516, 31.406659282685297]"
0.2985353535353536,"[0.14699087765829502, -47.63558740942986, 31.83764369189713]","[-0.24976865607746632, -47.58390210579164, 31.914201008589007]"
0.3084848484848485,"[0.14775142632528585, -47.3689022003043, 32.23308275461361]","[-0.2443244083291055, -46.58816956587683, 33.35099866715157]"
0.3184343434343435,"[0.14773475361170446, -47.45188907792003, 32.1107886448012]","[-0.24595842623550737, -46.7244438532508, 33.15979796483568]"
0.3283838383838384,"[0.1464442091721834, -47.5810380341258, 31.919112201006126]","[-0.2490522241999156, -48.07058564941871, 31.17632304046237]"
0.3383333333333334,"[0.14935976786158622, -46.68411896682809, 33.217120253907176]","[-0.2391976894552486, -47.49596264281672, 32.04501001886662]"
0.3482828282828283,"[0.15294042049242512, -47.571422528413514, 31.93341068321195]","[-0.2607329949753122, -48.02069237191896, 31.253023412761195]"
0.3582323232323233,"[0.16025649604813466, -47.58407209518952, 31.9145225674304]","[-0.2739184221823802, -47.790440921964596, 31.603877534156233]"
0.3681818181818182,"[0.1749974276521348, -46.54072728482339, 33.417606582634775]","[-0.2786811364606715, -46.4818592420732, 33.49873800960297]"
0.3781313131313132,"[0.1957035372796147, -46.89658523135969, 32.916232223252045]","[-0.32868465138479697, -48.56398962583867, 30.401270171378066]"
0.3880808080808081,"[0.23515438588252321, -46.78509860523036, 33.07424376951673]","[-0.4010625159846979, -48.676340112552225, 30.22018219860951]"
0.3980303030303031,"[0.27515537178702043, -47.236250213019204, 32.4263366007658]","[-0.48558362182547776, -46.88515643399404, 32.92951054476617]"
0.407979797979798,"[0.30117103495167596, -46.47992819003079, 33.50122268618016]","[-0.5014946142081456, -44.74029847940836, 35.78911210322372]"
0.417929292929293,"[0.322956714001439, -45.38642155130781, 34.96819680423353]","[-0.5096829237243385, -44.67518831692842, 35.87024006298244]"
0.4278787878787879,"[0.3542713721649257, -45.00143829141622, 35.46197108890687]","[-0.5552438922792547, -44.49494231946303, 36.09291013785795]"
0.4378282828282829,"[0.35933123009190177, -45.262850771503615, 35.127646820067795]","[-0.5978381225986298, -48.53882779360832, 30.43733128927942]"
0.4477777777777778,"[0.3660490290388332, -44.7162567883837, 35.82078638103039]","[-0.5879548227436372, -47.61789307826967, 31.859016273649047]"
0.4577272727272728,"[0.35625806070054217, -46.79026723338598, 33.06584827936909]","[-0.6480905825789045, -48.25427508329367, 30.885453935377722]"
0.4676767676767677,"[0.36039838718305806, -45.46580852360664, 34.86454815868117]","[-0.577527892262071, -43.900288088257966, 36.81355072949851]"
0.4776262626262627,"[0.3228985757808451, -46.0437925899882, 34.09796548845182]","[-0.5529620247377943, -48.87493424267381, 29.895507786041254]"
0.4875757575757577,"[0.3269182588748643, -45.758380207167136, 34.4799958712308]","[-0.5257934244421837, -44.29725679389118, 36.3356977616038]"
0.4975252525252526,"[0.29532487292289467, -46.27917046566393, 33.778062618231914]","[-0.5051077254920505, -48.82182134230129, 29.98301147346288]"
0.5074747474747475,"[0.3010708667050258, -46.89790226604725, 32.913560569911695]","[-0.5189184567525684, -45.419275449734904, 34.923151221905705]"
0.5174242424242425,"[0.2917697291261793, -45.41250483494799, 34.93459066674082]","[-0.4579844657207215, -45.50356615565261, 34.81410730377916]"
0.5273737373737375,"[0.2767187115264891, -45.70156176407298, 34.555709066535705]","[-0.4496749534525045, -48.0341663718465, 31.230161757662295]"
0.5373232323232324,"[0.2718684953109989, -46.597390747159466, 33.3379005501177]","[-0.4679509396997009, -48.770922484604995, 30.066334860279028]"
0.5472727272727272,"[0.2726190186686838, -47.11422285330992, 32.60340524870146]","[-0.48260998533103533, -48.16548105135494, 31.026760589938668]"
0.5572222222222223,"[0.27453361212712457, -47.24473773083956, 32.413974425419354]","[-0.48621047926197264, -47.21000233442303, 32.46206445938661]"
0.5671717171717172,"[0.2759009628257038, -47.1944710526618, 32.48710714621916]","[-0.4836297140177208, -46.47085340722327, 33.51167312916245]"
0.5771212121212121,"[0.27647123280449915, -47.13066569751927, 32.579598901426884]","[-0.48091070167012173, -46.12088704508948, 33.99174683776726]"
0.5870707070707072,"[0.2764611991625481, -47.132127977717055, 32.57748350485659]","[-0.480971594759305, -46.12744660895489, 33.98284399038425]"
0.5970202020202021,"[0.2759491176057337, -47.19035612393361, 32.493083740891045]","[-0.4834490887071166, -46.44273121165202, 33.55063851244288]"
0.606969696969697,"[0.27499552534399285, -47.24054770057185, 32.42007681087106]","[-0.4858244302910452, -46.97005864446185, 32.80829034818017]"
0.616919191919192,"[0.27387121115145824, -47.22957824170054, 32.436064552940664]","[-0.4859862587157468, -47.54395821903441, 31.970958763146182]"
0.626868686868687,"[0.2729340745882099, -47.15768884975325, 32.54050152275669]","[-0.483924742448594, -48.00768714358944, 31.27033965243465]"
0.636818181818182,"[0.2723107079851607, -47.05530449880753, 32.68838502304091]","[-0.4808271660191207, -48.324783438920335, 30.778084099397965]"
0.6467676767676769,"[0.2718276645626423, -46.873062964043115, 32.94917947538865]","[-0.4754599208259037, -48.61662019282112, 30.315087479709014]"
0.6567171717171718,"[0.2720876541397437, -46.48146699616196, 33.49933647409922]","[-0.46503331020501254, -48.77221180730836, 30.06428860716971]"
0.6666666666666667,"[0.2753461426118561, -45.84464163105556, 34.365671363056194]","[-0.4518239010456108, -48.276484489096795, 30.854225813463298]"
0.6766161616161616,"[0.2844779294823594, -45.32725405876256, 35.045191707447906]","[-0.4484406147863003, -46.67638220907836, 33.22530052382953]"
0.6865656565656566,"[0.29697118351063667, -45.745838348972704, 34.49690467096383]","[-0.47254491400364623, -44.81146222909677, 35.70036280216529]"
0.6965151515151516,"[0.301121237808457, -46.88061951735099, 32.93817222739073]","[-0.5181684425410747, -45.374123033491784, 34.98180684896722]"
0.7064646464646466,"[0.29630428613193677, -47.09101804307601, 32.63670592214314]","[-0.5297009834660565, -47.9410257593109, 31.371704066323034]"
0.7164141414141415,"[0.2950241491922251, -46.39849018198202, 33.61397655136411]","[-0.5082869013615922, -48.83698026752846, 29.95826017622994]"
0.7263636363636364,"[0.29793303004693406, -45.76813931723473, 34.46730348256945]","[-0.49342277428441567, -48.45904952686801, 30.566049841778963]"
0.7363131313131315,"[0.3009138009930985, -45.45632965543492, 34.87746973552617]","[-0.4881543880403684, -47.974475619594486, 31.321202791880708]"
0.7462626262626264,"[0.30337657195798406, -45.28610573494249, 35.09818998226177]","[-0.48624035250449066, -47.57018775479111, 31.931914400882114]"
0.7562121212121213,"[0.3072257358228157, -45.12154662739091, 35.30946037977896]","[-0.4859233070448193, -46.94696977615946, 32.841319361252594]"
0.7661616161616162,"[0.31417798283934706, -45.05892190787841, 35.3892808447213]","[-0.4913661710280523, -45.87041550544269, 34.32884924747343]"
0.7761111111111111,"[0.3237246084096876, -45.44259818547651, 34.895154714415305]","[-0.5121938633804545, -44.587826176524985, 35.97874044918822]"
0.7860606060606061,"[0.3297485167102978, -46.34928767973862, 33.6814659346695]","[-0.5512344972479045, -44.415033670162316, 36.191259643996034]"
0.7960101010101012,"[0.32784743048901194, -47.02904850208639, 32.725639230769374]","[-0.5836314146659622, -46.161822869140885, 33.93452274280014]"
0.805959595959596,"[0.3234290153698934, -46.94815653713175, 32.84162513409977]","[-0.5827024083375277, -48.12399730618384, 31.089350124913715]"
0.8159090909090909,"[0.3220921821840765, -46.394728134718584, 33.61892038634602]","[-0.5634034372616855, -48.88645902623786, 29.876463151695063]"
0.825858585858586,"[0.3241543018347705, -45.77665023204167, 34.45576247209842]","[-0.5460135450178044, -48.72421588808857, 30.140653697478736]"
0.835808080808081,"[0.3285796575981256, -45.25279673619118, 35.14089886404902]","[-0.5352407434369116, -48.07607634853775, 31.164254367590424]"
0.8457575757575758,"[0.3357157964158465, -44.85182163421471, 35.65119550601873]","[-0.5314152110333586, -47.00634051556414, 32.755578138998864]"
0.8557070707070707,"[0.34665394472014444, -44.755662243833, 35.77173294894023]","[-0.5399698407435678, -45.456887405703895, 34.87386084115136]"
0.8656565656565658,"[0.359020940412769, -45.32920944853824, 35.04197803701498]","[-0.5711556807632725, -44.005939572847524, 36.68729226191228]"
0.8756060606060607,"[0.36446640443425193, -46.457794510911455, 33.531281565632234]","[-0.625348562681296, -44.37497991874421, 36.23915625946533]"
0.8855555555555557,"[0.3586234456443366, -46.96231183244549, 32.82101470991]","[-0.6550240618907949, -47.331991891764105, 32.28095161311181]"
0.8955050505050506,"[0.3554212396958165, -45.95935516648434, 34.21136797082318]","[-0.6171151096046775, -48.992662607347675, 29.700917992476906]"
0.9054545454545455,"[0.3704277046626081, -44.5154960150277, 36.069928581346204]","[-0.5865230200155356, -47.02180737391897, 32.7324299747024]"
0.9154040404040404,"[0.3972960206868386, -44.790308192963344, 35.727815464467625]","[-0.6242166694525435, -43.765673416647154, 36.972726893599656]"
0.9253535353535355,"[0.40666429127345705, -46.452531912227876, 33.538086604775145]","[-0.7140534153363876, -44.28919238546258, 36.342315770672535]"
0.9353030303030304,"[0.397268547394136, -46.679967918801836, 33.22091393704614]","[-0.7340347119021348, -48.14221426430058, 31.057925699950424]"
0.9452525252525253,"[0.396780891318096, -45.45888446269188, 34.873180789019806]","[-0.6842624983436777, -49.023844131546184, 29.64794835078761]"
0.9552020202020203,"[0.40594802552083176, -44.46389711549887, 36.13313450995708]","[-0.6588302901735915, -47.924639812293975, 31.394285969303073]"
0.9651515151515153,"[0.41097579150768754, -44.18794647178878, 36.470026535730256]","[-0.655115402154646, -47.30149053842949, 32.325627088495416]"
0.9751010101010102,"[0.4020684724881896, -44.76755938108749, 35.75626264049391]","[-0.6649609665639339, -48.40741635207346, 30.644513685841083]"
0.9850505050505052,"[0.3964447535028978, -46.57873523950281, 33.36271279523689]","[-0.729219450649485, -48.43706159288256, 30.596170565151457]"
0.9950000000000001,"[0.40467267631861686, -45.47303499126851, 34.85463640205782]","[-0.6595335889507633, -43.271339071176925, 37.549468444227365]"
1.004949494949495,"[0.3575243299442488, -45.50520912228197, 34.81313644448929]","[-0.603820399018532, -48.77451959483072, 30.058076938336345]"
1.01489898989899,"[0.36092760095054266, -45.52602673981266, 34.785873146501274]","[-0.5803265384017011, -43.86759135863962, 36.85246259766065]"
1.024848484848485,"[0.32459844294365, -47.04674500207908, 32.70022584894376]","[-0.5862773395721822, -47.62813638489184, 31.84373177557855]"
1.03479797979798,"[0.2989904371712118, -45.6397237591405, 34.63715591557093]","[-0.49104300234117787, -48.28918669291189, 30.833742479930923]"
1.044747474747475,"[0.2904145025929221, -45.367187128475436, 34.99343283358066]","[-0.45544284763077053, -45.70956586134134, 34.54322669630017]"
1.05469696969697,"[0.2727083088733448, -45.8476384677711, 34.36169418289167]","[-0.43282340144648607, -45.194918649787546, 35.21417814111229]"
1.064646464646465,"[0.24911194899189862, -45.779755505492055, 34.45226087074669]","[-0.39263103438787494, -46.02309005566402, 34.125172125731744]"
1.07459595959596,"[0.22300353965244085, -46.23239067039283, 33.84261621584863]","[-0.3636488384663711, -48.14420646053528, 31.061382677198697]"
1.084545454545454,"[0.20865339496995552, -47.44750371037736, 32.11693019929266]","[-0.3617266488155159, -47.43287563564771, 32.13717182292896]"
1.09449494949495,"[0.19288591455930934, -46.27984194924461, 33.777882914544044]","[-0.30595385791037577, -46.67155489407823, 33.233698349982305]"
1.104444444444445,"[0.17578845166617202, -47.371584361561084, 32.2290000389014]","[-0.30038658998808654, -48.33179386713314, 30.76936495108812]"
1.114393939393939,"[0.1690893576457562, -47.47831898772728, 32.07159155546371]","[-0.2856200925186728, -46.83329430958544, 33.00556491390877]"
1.124343434343434,"[0.16075281522057594, -47.58753971771521, 31.90934929074894]","[-0.2737752572135903, -47.376021270224705, 32.22179395569864]"
1.134292929292929,"[0.1545540497727697, -46.734951801458706, 33.14553881252762]","[-0.25001823838760945, -47.937281046883314, 31.380900667831998]"
1.144242424242425,"[0.15258363168261901, -47.41342692992913, 32.16753044620239]","[-0.2582546373613959, -48.367857129482346, 30.713027386697156]"
1.154191919191919,"[0.15265454696055275, -47.215844169239226, 32.456849908565594]","[-0.25536794078225034, -48.46298905165295, 30.562719600944078]"
1.164141414141414,"[0.15558500191401772, -46.643439211415426, 33.274190025452434]","[-0.24966643229339608, -47.61548414292908, 31.867062721857497]"
1.174090909090909,"[0.15815608716896667, -46.627957780780946, 33.29586896084174]","[-0.2519448219122259, -46.85469006787572, 32.97545894239781]"
1.184040404040404,"[0.1552802365930515, -46.66446742687611, 33.24469458163042]","[-0.24968179382546035, -47.71021735913887, 31.725055847977625]"
1.193989898989899,"[0.1526678870663995, -47.48245249211037, 32.06555391479281]","[-0.2593268495550452, -48.26811336743975, 30.869537274549927]"
1.203939393939394,"[0.15418938277559294, -47.49747346691465, 32.04329243235971]","[-0.25867896541954755, -46.83837518668236, 32.99857640984185]"
1.213888888888889,"[0.1541413385014894, -47.518205098241495, 32.012540897294684]","[-0.2591157573186038, -46.90253052744824, 32.907321968793504]"
1.223838383838384,"[0.15287274710265542, -47.09668075990994, 32.629521009877955]","[-0.2537812336873151, -48.43063000948112, 30.613984091945937]"
1.233787878787879,"[0.15976952783846932, -47.49402389243025, 32.04837777821186]","[-0.2724534882020966, -48.19304046717654, 30.986496569273438]"
1.243737373737374,"[0.17517703330059106, -46.55580880338886, 33.396591587781046]","[-0.27912041500862056, -46.4409564216576, 33.55541697621069]"
1.253686868686869,"[0.1955346217178972, -46.990120973010065, 32.78256620774726]","[-0.3303275609350489, -48.57399057050242, 30.385270671346227]"
1.263636363636364,"[0.23504490592277633, -46.90644163789428, 32.901927554092666]","[-0.40380198772735953, -48.64118879416169, 30.276691474749526]"
1.273585858585859,"[0.27555400554064563, -47.21868889997974, 32.45190038454921]","[-0.4847221890290714, -46.66799921331666, 33.236564862167725]"
1.283535353535354,"[0.30098940844443806, -46.40356363737275, 33.60691948304762]","[-0.4984325715623132, -44.68277592851695, 35.860946031934176]"
1.293484848484849,"[0.3221559711123777, -45.333823261578985, 35.03636730641379]","[-0.5072789405448249, -44.77077684487719, 35.75089591596876]"
1.303434343434344,"[0.35867547472893324, -45.29869619287413, 35.08141709140699]","[-0.5697228178531517, -44.036021682823105, 36.65120134828455]"
1.313383838383838,"[0.38617246448878706, -44.38079475831641, 36.23537328991671]","[-0.5988272686464924, -44.9979384185964, 35.46312583501735]"
1.323333333333333,"[0.4070727591308868, -46.26826284927419, 33.79184065260417]","[-0.7030373489303375, -43.890797971864224, 36.822682437469894]"
1.333282828282828,"[0.3866763503133363, -44.38963110703316, 36.224542531181356]","[-0.5996239658617388, -44.93727991825821, 35.53994477569451]"
1.343232323232323,"[0.3561294317593994, -46.772365745080066, 33.091166864407185]","[-0.6473448581897305, -48.3053087778213, 30.805591027046695]"
1.353181818181818,"[0.3501119412686867, -44.83278153777248, 35.67499784480291]","[-0.5457716359949242, -45.003099596362, 35.457432366896086]"
1.363131313131313,"[0.3234052071900346, -46.945219604160805, 32.84582340878096]","[-0.5825935474309896, -48.134187600341164, 31.073572675593628]"
1.373080808080808,"[0.32699820388501194, -45.76867889610455, 34.46632348092373]","[-0.5262307598583005, -44.29239031055146, 36.3416234059087]"
1.383030303030303,"[0.3095315967012349, -45.07002994316454, 35.375174079071876]","[-0.4869377408595973, -46.58175756638767, 33.35729460964357]"
1.392979797979798,"[0.29908949600487567, -45.628863587373424, 34.6514603330075]","[-0.49085402715523085, -48.27310144397379, 30.858922361540515]"
1.402929292929293,"[0.2954669117708992, -46.23427781220233, 33.83948292305732]","[-0.5039539014935732, -48.8089430204917, 30.003990762885337]"
1.412878787878788,"[0.2948024338131782, -46.712017644458676, 33.17690234365685]","[-0.5174024066561264, -48.71817603253504, 30.150919866966902]"
1.422828282828283,"[0.29610784183697475, -47.07019118482781, 32.66673800644174]","[-0.5290122424243168, -48.031410799339554, 31.233156623757974]"
1.432777777777778,"[0.2987400232481501, -47.16393764621079, 32.53121716312801]","[-0.5312930397754262, -46.796028148056116, 33.0553449124944]"
1.442727272727273,"[0.30086938100838195, -46.95331208733735, 32.83446834740007]","[-0.5213472317617666, -45.58020536346539, 34.7128135722243]"
1.452676767676768,"[0.30137434865318957, -46.65332149298132, 33.259331279901666]","[-0.5085663266307512, -44.93616749355839, 35.54277087248583]"
1.462626262626263,"[0.3012209243489937, -46.50624498302252, 33.46467979146925]","[-0.5025566272970385, -44.763954791040426, 35.759504167616655]"
1.472575757575758,"[0.3013388759152451, -46.594095309620805, 33.34225288086542]","[-0.5061300860393984, -44.85821502867537, 35.641138124208]"
1.482525252525253,"[0.3011724278865897, -46.86084086988531, 32.966304587376975]","[-0.5173141232740306, -45.32500710074047, 35.04543433070036]"
1.492474747474748,"[0.29949555018338203, -47.12932133709412, 32.58134010031033]","[-0.5294576211634291, -46.40896886973168, 33.596631275879616]"
1.502424242424243,"[0.29650102083759033, -47.108826915311994, 32.61099299039456]","[-0.5302831318672993, -47.850795330372954, 31.509150037133026]"
1.512373737373737,"[0.2947736113121258, -46.64291091236519, 33.27398864204564]","[-0.5153000894013064, -48.76799602957023, 30.07030726629559]"
1.522323232323232,"[0.2971299332780493, -45.88510058139642, 34.31145010706524]","[-0.4958025545590134, -48.584212214123795, 30.366673399824705]"
1.532272727272727,"[0.30455530903945477, -45.224101484319156, 35.17803634388199]","[-0.48584284409392076, -47.37784405023128, 32.216613724824526]"
1.542222222222222,"[0.315304143299125, -45.07426046467193, 35.36973249647042]","[-0.4929187688177875, -45.704041377570206, 34.55002145956557]"
1.552171717171717,"[0.32508810064965166, -45.55859192340187, 34.74356587478467]","[-0.51725804459328, -44.4460680953561, 36.15364193259119]"
1.562121212121212,"[0.3297111989363918, -46.331336595308834, 33.70615507335769]","[-0.5504398346264713, -44.399106595408334, 36.210809153204096]"
1.572070707070707,"[0.32907510000790674, -46.896211844261444, 32.915701029272505]","[-0.5767524989146653, -45.49125912659511, 34.82842301402286]"
1.582020202020202,"[0.32647237745876456, -47.08252129486205, 32.64867461808155]","[-0.5868632688470052, -46.811727633847354, 33.03216761658118]"
1.591969696969697,"[0.32439591793610756, -47.034896833605984, 32.71726756855181]","[-0.5858676504472105, -47.714002508754426, 31.714934553022168]"
1.601919191919192,"[0.32327810430182663, -46.928677324148566, 32.86945521125908]","[-0.5819801756654683, -48.188777758051344, 30.98885843770326]"
1.611868686868687,"[0.3227894488641173, -46.84760954740706, 32.984900131380435]","[-0.5789855796864525, -48.403638215696574, 30.652225583050527]"
1.621818181818182,"[0.3225275499464668, -46.786202698489845, 33.07194525647216]","[-0.5767465188934774, -48.52548011267666, 30.459013334297477]"
1.631767676767677,"[0.32225494720961817, -46.692368787404156, 33.20429488457464]","[-0.5733937233762659, -48.66618101374651, 30.233762504640335]"
1.641717171717172,"[0.3220477393855971, -46.49677054740492, 33.47764872160646]","[-0.5667132935859341, -48.840872400650646, 29.950865917331654]"
1.651666666666667,"[0.32267446020782065, -46.109609610913886, 34.00891254853043]","[-0.5548081817972661, -48.8943004351744, 29.863789492428115]"
1.661616161616162,"[0.3263082048620385, -45.476162332847636, 34.85137776966176]","[-0.5393133976583792, -48.41640957899808, 30.632772883785012]"
1.671565656565657,"[0.3366286009146015, -44.82300413180085, 35.68741139109636]","[-0.5315583448650272, -46.871994855398384, 32.94753244194861]"
1.681515151515152,"[0.3537262387080314, -44.97402702470856, 35.49673394751378]","[-0.55381587177374, -44.55847587308283, 36.01446745212]"
1.691464646464647,"[0.3644588961647198, -46.29901039714247, 33.750187495331694]","[-0.617262727674302, -44.13549643528759, 36.530580219146316]"
1.701414141414141,"[0.3581897911767117, -46.9464221577659, 32.84374364578539]","[-0.6544698681291915, -47.50227206746852, 32.02986368425028]"
1.711363636363637,"[0.3564813201487263, -45.68959316950518, 34.57080194449118]","[-0.6088999858510682, -48.89837576203515, 29.85606200847305]"
1.721313131313132,"[0.3754081829168441, -44.38349627475683, 36.23217737228318]","[-0.5877680757876147, -46.358718318993425, 33.66496865468691]"
1.731262626262626,"[0.3998904369403033, -44.96942553943671, 35.50207323950596]","[-0.6336054748707347, -43.53291400984914, 37.246346021120495]"
1.741212121212121,"[0.4068127298472506, -46.406572382665885, 33.60165015452321]","[-0.7112593843697089, -44.1756953186832, 36.48024675369893]"
1.751161616161616,"[0.3992362019282691, -46.81035637177967, 33.036911127007635]","[-0.7400910401344135, -47.447355122948636, 32.109299386639634]"
1.761111111111111,"[0.3954738400225992, -45.82123668888016, 34.39570058532352]","[-0.6969694005442381, -49.10939231413407, 29.505731141642936]"
1.771060606060606,"[0.40940778305540027, -44.26274510215742, 36.379226645166014]","[-0.6558861784526839, -47.494940502859485, 32.040705203888635]"
1.781010101010101,"[0.4411863977701989, -44.041426357269096, 36.64647962617159]","[-0.6824544450799507, -43.85592790257388, 36.864592683852834]"
1.790959595959596,"[0.4609592104013074, -45.856291982254724, 34.34813462557017]","[-0.7913098146425332, -42.99466698152254, 37.863422850251794]"
1.800909090909091,"[0.45100902367410567, -46.641797330126956, 33.2737987414673]","[-0.8516712832882087, -47.339243711691154, 32.26572501652607]"
1.810858585858586,"[0.4464428753911751, -45.389509903053764, 34.96282925524392]","[-0.7896827722731006, -49.24047534535972, 29.284097030537588]"
1.820808080808081,"[0.4591635269500086, -43.951647390151564, 36.75388701292757]","[-0.7458531901242872, -47.909932009850735, 31.414781040809515]"
1.830757575757576,"[0.4716312959115091, -43.41306564202708, 37.38836243396477]","[-0.740094842545793, -46.54177780516491, 33.408405055770615]"
1.840707070707071,"[0.46852511658722323, -43.51090282451995, 37.27449757705733]","[-0.7401992594342703, -46.87777358590402, 32.93528197384677]"
1.850656565656566,"[0.45301395546055345, -44.4197226510575, 36.186867341219674]","[-0.7567107900823081, -48.59509908123014, 30.34386402680684]"
1.860606060606061,"[0.4467521838935448, -46.277335058677856, 33.77891387189346]","[-0.8317530749181613, -48.70242913054751, 30.16932106657534]"
1.870555555555556,"[0.4602984979830726, -45.55948317854482, 34.74086884072403]","[-0.7725423615368209, -42.70205423739785, 38.193508508877606]"
1.880505050505051,"[0.4009300026106432, -44.87893958863439, 35.616378066059106]","[-0.6676069261776536, -48.54767141483628, 30.42177265053686]"
1.890454545454546,"[0.4053043711059316, -45.57420346772246, 34.72224152702618]","[-0.6648143161879353, -43.27708779721565, 37.542749549398]"
1.900404040404041,"[0.3561773873851976, -46.77921085736717, 33.08148907232624]","[-0.6476298491447385, -48.28623776276844, 30.83546932199405]"
1.910353535353535,"[0.32353475803594056, -45.89361154592712, 34.299826450634285]","[-0.5489466388287234, -48.80417109690869, 30.010962849317686]"
1.920303030303031,"[0.30016321184539646, -45.52156063421482, 34.79229468551195]","[-0.48910301608470175, -48.0977133207839, 31.13160936352453]"
1.930252525252525,"[0.28569555418207154, -45.31493259267266, 35.06111253488111]","[-0.4493675279729689, -46.47129013148592, 33.51154446383823]"
1.94020202020202,"[0.27097206933139717, -45.71938636401115, 34.532168113914565]","[-0.42772537973645786, -45.438434622421376, 34.89945644383609]"
1.950151515151515,"[0.2503376385338594, -45.83337594340675, 34.38088612454339]","[-0.39509415647665, -45.8113760552756, 34.40883715764576]"
1.96010101010101,"[0.22768218631524728, -45.91231300982147, 34.27556016933869]","[-0.36177220468088805, -47.13226201078061, 32.57645389895578]"
1.970050505050505,"[0.2081198157812883, -46.596919177642334, 33.33901857143205]","[-0.3451326765952864, -48.46301350622163, 30.561798954627502]"
1.98,"[0.19557245048225563, -47.29789443434861, 32.33693373691405]","[-0.336273175698473, -48.35000306292285, 30.740372056603356]"
1.989949494949495,"[0.1857822809543846, -47.487590291427324, 32.057769780029375]","[-0.32024789610077703, -47.87280335821386, 31.47854014916471]"
1.99989898989899,"[0.17621435410526493, -47.497885085787736, 32.04256873114974]","[-0.30271112899289077, -47.99202743160278, 31.296645490985366]"
2.009848484848485,"[0.1673186043208303, -47.3988242353056, 32.18897040302778]","[-0.28509761025057256, -48.33053684735428, 30.771484809981203]"
2.01979797979798,"[0.1597408641042642, -47.12542611311111, 32.58795861243514]","[-0.26674198362580465, -48.474752711268636, 30.543960913857735]"
2.029747474747474,"[0.1553674809061326, -46.65797339022745, 33.25380775301451]","[-0.24967043426511562, -47.683046074225, 31.765879993624193]"
2.03969696969697,"[0.15429292296084648, -47.30596876473908, 32.3253439724189]","[-0.25472024837776086, -46.48037802977635, 33.5009839529512]"
2.049646464646465,"[0.14851426604881282, -46.737786447384515, 33.1415692374879]","[-0.23914420978800371, -47.76921899246948, 31.636227286264102]"
2.05959595959596,"[0.146667091168955, -47.05344285609104, 32.691869848093546]","[-0.24186319661930702, -48.35650411323641, 30.731032559164287]"
2.069545454545454,"[0.14879291513632792, -46.71574281701103, 33.172633053995455]","[-0.23910029086742265, -47.67860653814903, 31.772624374499248]"
2.07949494949495,"[0.15394154830083007, -47.57299906363948, 31.931057171700537]","[-0.26029072886728777, -47.12808818723432, 32.58346056766338]"
2.089444444444445,"[0.16135552960272095, -47.46442209436073, 32.092194528470195]","[-0.2709535800488766, -46.760640262227014, 33.108540536178815]"
2.099393939393939,"[0.17184376981705168, -46.45801195725457, 33.53252070319364]","[-0.27419043932776194, -47.29493661230239, 32.34068862057554]"
2.109343434343435,"[0.195426879594346, -47.124369646455186, 32.58929185746032]","[-0.33282459036545986, -48.53425468757927, 30.448673201388953]"
2.119292929292929,"[0.23537796127354219, -46.668717923383575, 33.23825679265909]","[-0.3985725235294606, -48.66984830809033, 30.23066912297359]"
2.129242424242424,"[0.2728906881013131, -47.15245815773629, 32.54808090144517]","[-0.4837671869404301, -48.02925597278002, 31.237203620390847]"
2.139191919191919,"[0.2982781790121915, -47.17155890852579, 32.52016928429418]","[-0.5318463211577104, -47.02190979724166, 32.73321689847309]"
2.149141414141414,"[0.3237444260701992, -46.982868017154644, 32.79194493226896]","[-0.5839855749340228, -47.989725113468324, 31.29619137201461]"
2.159090909090909,"[0.3716505980598656, -44.474457014368596, 36.12050524455308]","[-0.5865754190538378, -46.85736882796396, 32.967397012952915]"
2.169040404040404,"[0.44519967891682766, -44.18943427647342, 36.467822057025465]","[-0.6921281270352048, -43.46090895874973, 37.32930083924394]"
2.178989898989899,"[0.4500531002693092, -46.601431268754645, 33.330322619533995]","[-0.8495867407699049, -47.64526370821983, 31.81215803047387]"
2.188939393939394,"[0.4599372967107512, -45.46935503468862, 34.85875156146983]","[-0.767024365674373, -42.64826216936121, 38.25367639283367]"
2.198888888888889,"[0.3961370010666344, -45.60578799440791, 34.68085245343963]","[-0.6892031908372148, -49.079569259896275, 29.555494078707742]"
2.208838383838384,"[0.3846074574380788, -44.35852114989901, 36.26265335726813]","[-0.5965214905087262, -45.18835396105227, 35.220209800819724]"
2.218787878787879,"[0.3629467647652774, -45.82112752268354, 34.396204619226]","[-0.594104929498463, -43.818339580865306, 36.91079118253174]"
2.228737373737374,"[0.32482160958689943, -47.057764947253915, 32.68436322008876]","[-0.5866435546682163, -47.53322089809743, 31.985232692669037]"
2.238686868686869,"[0.3130943261698961, -45.050802881403236, 35.39962544569666]","[-0.490052279870549, -46.03294638532185, 34.110614856094614]"
2.248636363636364,"[0.2948854425337083, -46.478965222360756, 33.502614591194295]","[-0.5105222953604189, -48.830373559666825, 29.968989556224216]"
2.258585858585858,"[0.29785376822982434, -47.17023086480159, 32.52209946030261]","[-0.5320108717329374, -47.22443512226371, 32.44034589561596]"
2.268535353535354,"[0.30027973174659417, -47.055300283174624, 32.68814612905896]","[-0.5259411676817335, -45.96858255264714, 34.19677110489156]"
2.278484848484849,"[0.30045097377286095, -47.03149990942173, 32.722379123379255]","[-0.524851043943028, -45.86340107518776, 34.33772449085527]"
2.288434343434343,"[0.2999513007434492, -47.09225633473264, 32.63488582074036]","[-0.527665685156747, -46.15973446477884, 33.93827976014048]"
2.298383838383838,"[0.29950434795670766, -47.12873547354059, 32.58218746220604]","[-0.5294285197186567, -46.404293222321314, 33.60308953044461]"
2.308333333333333,"[0.2992073122705991, -47.14604805119636, 32.55713405922444]","[-0.5303065689223456, -46.55976635340042, 33.387322175811946]"
2.318282828282829,"[0.29891971691667296, -47.15832570496466, 32.539350235046975]","[-0.5309670949414106, -46.70622252870829, 33.18212170815207]"
2.328232323232323,"[0.2983865289170043, -47.17062811129186, 32.52151840054992]","[-0.5317521606687252, -46.969488045411275, 32.808394998892226]"
2.338181818181818,"[0.2971372211385055, -47.149495417156736, 32.55216031834253]","[-0.5315472716024929, -47.55861926926349, 31.9484200033591]"
2.348131313131313,"[0.2952888871046385, -46.93225792803697, 32.86460588933189]","[-0.5244289247918805, -48.421287819722394, 30.625319756603183]"
2.358080808080808,"[0.2952245970225836, -46.314343469622074, 33.72982035865195]","[-0.5060279688630309, -48.829228476566655, 29.97093145182053]"
2.368030303030303,"[0.30127129895769345, -45.4277004933011, 34.9147477938349]","[-0.4877701707167331, -47.915714343404055, 31.41102910179173]"
2.377979797979798,"[0.31466990497775077, -45.064751925775916, 35.38185222301005]","[-0.49202050534353325, -45.797408705714055, 34.426176402206686]"
2.387929292929293,"[0.3271086817528899, -45.78318623638762, 34.447049336137816]","[-0.5268466873011286, -44.285969267321946, 36.34943890397265]"
2.397878787878788,"[0.3296437146900127, -46.76590186241422, 33.10057564496654]","[-0.5703803369336224, -45.089806773126384, 35.34671613382367]"
2.407828282828283,"[0.3255634756816225, -47.08064251069405, 32.651392913860114]","[-0.5872682473042562, -47.21413669003381, 32.454379714181194]"
2.417777777777778,"[0.32231357035445934, -46.71696798666119, 33.16967539948776]","[-0.5742639566765084, -48.633720284744015, 30.28593439511294]"
2.427727272727273,"[0.322819128903575, -46.06603730271226, 34.06790784663597]","[-0.5535801421574525, -48.88229414069134, 29.88346061922694]"
2.437676767676768,"[0.3268808039466573, -45.41311208412699, 34.93349037508668]","[-0.5380757661727509, -48.331304712331466, 30.76689469682255]"
2.447626262626263,"[0.3341145347635345, -44.912985419427145, 35.574126246525424]","[-0.5314554772755787, -47.24373932053904, 32.41223534562791]"
2.457575757575758,"[0.34490641198297856, -44.736399550273525, 35.79583697662347]","[-0.5376334843862477, -45.694154144250305, 34.562430141552596]"
2.467525252525252,"[0.3579472959615391, -45.23849099983608, 35.159026661766504]","[-0.566878755851234, -44.103097982006176, 36.570503782112056]"
2.477474747474748,"[0.3644912387713098, -46.417611127957784, 33.586885436466]","[-0.6232787538004169, -44.3063243167666, 36.32309869964707]"
2.487424242424242,"[0.3582281406267637, -46.948049720543835, 32.84141668759664]","[-0.6545296463606516, -47.487272068938516, 32.05209716078482]"
2.497373737373737,"[0.3563991425515341, -45.706448968489305, 34.54851447390779]","[-0.6093862578775955, -48.90734353178341, 29.841359671847673]"
2.507323232323233,"[0.3769966943424148, -44.359828789160616, 36.261133646103175]","[-0.5887039356420363, -46.15117601707432, 33.948913530905934]"
2.517272727272727,"[0.40263968822218943, -45.21934062897111, 35.18317018652945]","[-0.6464526160776931, -43.3400858182, 37.470327064198]"
2.527222222222222,"[0.40558498822859657, -46.64354838627658, 33.271928780371944]","[-0.7260815609496375, -44.91019216252907, 35.57181181080472]"
2.537171717171717,"[0.39742804677645455, -46.69534961638426, 33.19928802192935]","[-0.7347681936734118, -48.085880080149245, 31.145057435021936]"
2.547121212121212,"[0.3957558313579482, -45.715923623990186, 34.53554769421192]","[-0.6930956634003188, -49.10294410440518, 29.516552113903494]"
2.557070707070707,"[0.40547540744083127, -44.495851029817814, 36.09378313280509]","[-0.6593909515797964, -47.98353423542802, 31.304184957641464]"
2.567020202020202,"[0.42730757875513903, -43.83913179585397, 36.88840307780519]","[-0.6609926746927414, -45.36067474022598, 34.99683736864191]"
2.576969696969697,"[0.4540975550028437, -44.7290146439715, 35.803846083928846]","[-0.7237397058228722, -42.728363339313724, 38.165030030036014]"
2.586919191919192,"[0.458665711500535, -46.48867417987717, 33.48729832002068]","[-0.8356915515888547, -44.591384726007675, 35.968269041747284]"
2.596868686868687,"[0.4460641250758693, -46.10659082131239, 34.011610659363626]","[-0.8227537445258799, -48.95255580529326, 29.762001048606628]"
2.606818181818182,"[0.46037359200287464, -43.87974987818513, 36.83967910820401]","[-0.7445517484553095, -47.775167061793226, 31.619383373547365]"
2.616767676767677,"[0.5070647732490823, -43.47099657629919, 37.3205264163149]","[-0.7804415210666462, -43.012368135532896, 37.84353905777489]"
2.626717171717172,"[0.5307381663802387, -45.27991866687171, 35.10347037732842]","[-0.9021287380398627, -41.85169199878491, 39.12069005769952]"
2.636666666666667,"[0.5299867975979464, -46.0434870095108, 34.09578812714447]","[-0.9622845341077391, -43.1977053178248, 37.627630987899465]"
2.646616161616161,"[0.5292972302995151, -46.135845944320515, 33.970721415001854]","[-0.9704123599979046, -43.512396295449285, 37.26306507107378]"
2.656565656565657,"[0.5308702737976984, -45.854473860455606, 34.349552453342625]","[-0.946350063295998, -42.69518635499274, 38.19727521279344]"
2.666515151515152,"[0.5171120442332748, -43.889002931944994, 36.82790201443976]","[-0.8090718100080132, -42.180949132319846, 38.76750292596416]"
2.676464646464646,"[0.4477170519128623, -45.096077311994705, 35.3404826017383]","[-0.7783101976963472, -49.14776689768717, 29.43972812745578]"
2.686414141414141,"[0.4563901946391655, -44.94694991569813, 35.529843107980454]","[-0.7362278696079577, -42.610214579694706, 38.29665692992182]"
2.696363636363636,"[0.3951458376673289, -46.13627198493026, 33.971968107709884]","[-0.7094524358958975, -49.01877435296607, 29.655737862780303]"
2.706313131313131,"[0.37089342802773584, -44.4991621225231, 36.090072852104285]","[-0.5865221208218233, -46.959066271933835, 32.82237707238245]"
2.716262626262626,"[0.3357087732712537, -44.8520598850777, 35.65089583301795]","[-0.5314145618101378, -47.007377055380296, 32.75409059871066]"
2.726212121212122,"[0.30692856195575946, -45.13057541597538, 35.29792214128983]","[-0.485853340473322, -46.99453024665993, 32.77322723564252]"
2.736161616161616,"[0.29501592467074794, -45.58553877539515, 34.7084711586794]","[-0.46595253070435105, -45.04670223677513, 35.403161664492515]"
2.746111111111111,"[0.2770143630938024, -46.53308518340508, 33.4275574394593]","[-0.457892618761029, -44.96967883715659, 35.501051669555075]"
2.756060606060606,"[0.2556611753015262, -46.39173824216962, 33.62361685252205]","[-0.4149551728586867, -45.14478394660249, 35.27864289667113]"
2.766010101010101,"[0.23141749201108405, -45.90659664140076, 34.283190936082185]","[-0.36537284291657085, -46.368410872358986, 33.65476676296398]"
2.775959595959596,"[0.2088549929979002, -46.4543062656871, 33.53744413304907]","[-0.34302847301163997, -48.304664547168265, 30.81149240890472]"
2.785909090909091,"[0.19552793408523525, -47.27392551968094, 32.37196448778473]","[-0.3357836069471168, -48.38802659272416, 30.68049024775954]"
2.795858585858586,"[0.18549242625508813, -47.4439924014344, 32.122259067260224]","[-0.31941051456266895, -48.078930695512064, 31.162810369269963]"
2.805808080808081,"[0.1757157675343241, -47.15814886674613, 32.54050505819776]","[-0.29666067341346, -48.51366215451449, 30.481845856414637]"
2.815757575757576,"[0.16971251948430893, -46.58967217394823, 33.34936272849166]","[-0.2742245387958467, -47.8972172370568, 31.441815021723137]"
2.825707070707071,"[0.16612115343605846, -46.580108754604474, 33.36273703075551]","[-0.26450320101518293, -46.6829806501208, 33.218002734794936]"
2.835656565656566,"[0.1613652043366636, -47.18534015299875, 32.50113822512033]","[-0.2649287813541893, -46.32542669629096, 33.71484842260346]"
2.845606060606061,"[0.1529128795960806, -47.565727758752686, 31.941892718547876]","[-0.2606436570674645, -48.04437869279754, 31.21659960531955]"
2.855555555555556,"[0.15080946608191576, -46.674647043498844, 33.23042175298847]","[-0.24046755175961254, -47.04639775888662, 32.70145231149409]"
2.865505050505051,"[0.14622578160945265, -47.26114722444476, 32.39087728144908]","[-0.244436834694692, -48.44648916278976, 30.58895696890108]"
2.875454545454545,"[0.14620465360036666, -47.4787015637088, 32.07113767915453]","[-0.2475116341462833, -48.30777447350515, 30.80753176448367]"
2.885404040404041,"[0.1468813040324972, -46.99185124412841, 32.78034003093893]","[-0.24118548514731236, -48.29415153996777, 30.82893294631079]"
2.895353535353536,"[0.1543043382063591, -47.32838254968986, 32.29251841236863]","[-0.25517951379278614, -46.5074022052727, 33.46345429785276]"
2.90530303030303,"[0.16124062348743906, -47.11676166976466, 32.600477315948574]","[-0.2634617841662973, -46.288376301714116, 33.76570978449792]"
2.915252525252525,"[0.16850437862186257, -46.76247477517029, 33.106629384274264]","[-0.2758282928656651, -48.23883811484533, 30.915121964733427]"
2.92520202020202,"[0.19669333703711034, -47.48105582905666, 32.06738216788072]","[-0.33996607810856183, -47.574192355490965, 31.92784043433293]"
2.935151515151515,"[0.23546648153985633, -47.201956429637654, 32.47654868920655]","[-0.4110311596257784, -48.27631251313131, 30.855065281603963]"
2.94510101010101,"[0.27466490031113383, -47.24476935318396, 32.413927222240915]","[-0.48614643175872335, -47.142524685412, 32.559981233777656]"
2.955050505050505,"[0.3003449598675537, -47.0466567759501, 32.70058453793716]","[-0.5255436947117732, -45.929046403290094, 34.24985912848574]"
2.965,"[0.328533210096093, -46.96931995329928, 32.81129986858507]","[-0.5804648934678512, -45.80470021971322, 34.41509622682174]"
2.974949494949495,"[0.35500869971651544, -46.48367609572739, 33.49549485322425]","[-0.6357041544441747, -48.802363498538014, 30.012189976679988]"
2.98489898989899,"[0.39621048481598165, -46.54064423868639, 33.41583159389413]","[-0.7274255879998175, -48.5233295639093, 30.459213549563508]"
2.994848484848485,"[0.4039263360175137, -44.609608606927246, 35.95310853686477]","[-0.6615578739175352, -48.17659556248101, 31.006198270673824]"
3.00479797979798,"[0.3976666140330447, -46.716401393023226, 33.1696555930532]","[-0.7357699731142727, -48.00179833136549, 31.274468013274404]"
3.014747474747475,"[0.40334321010737045, -45.298032680313064, 35.08178871665318]","[-0.6504934259574381, -43.30585353990668, 37.509815482013266]"
3.02469696969697,"[0.3624892101114963, -44.95780053746714, 35.51719474307644]","[-0.5915789306307596, -48.10785106110387, 31.11416157737864]"
3.034646464646464,"[0.36442116774489886, -46.49844553491991, 33.47488775276671]","[-0.6274601548370574, -44.450712847321824, 36.14618612150906]"
3.044595959595959,"[0.327875091502921, -45.3149733799759, 35.06069074488109]","[-0.5362831838803145, -48.18224896779051, 30.99983281832794]"
3.054545454545455,"[0.3245179206678049, -47.04225241920828, 32.70668930751632]","[-0.5861235096058227, -47.66230154270895, 31.792574933388387]"
3.06449494949495,"[0.3298713436311363, -46.42450943861104, 33.57770775816463]","[-0.5545871815340623, -44.49152144413232, 36.097137042376886]"
3.074444444444445,"[0.31643290809666963, -45.096809193416405, 35.3409680229477]","[-0.49467451387667083, -45.5401527734148, 34.765732158421535]"
3.084393939393939,"[0.30110951139488823, -45.44047254928006, 34.89812512975471]","[-0.4879389801415834, -47.94230911998434, 31.370420172628684]"
3.094343434343434,"[0.2952915437403975, -46.29049068902633, 33.76254766283353]","[-0.5054023490144448, -48.824465748594655, 29.978700152636076]"
3.104292929292929,"[0.29536563998310095, -46.95059693956734, 32.83840063353803]","[-0.5250336588226249, -48.38282074067942, 30.686044822429114]"
3.114242424242424,"[0.2980788245511029, -47.17192138069477, 32.51964532831885]","[-0.5319639203686771, -47.117563164915154, 32.59537706177674]"
3.12419191919192,"[0.3003053264114859, -47.05196696274518, 32.69294375946296]","[-0.525787658121015, -45.95314121816165, 34.21752050534938]"
3.134141414141414,"[0.3011771703913535, -46.858868854343285, 32.96910754047242]","[-0.5172291705718338, -45.320251976887846, 35.05158462535249]"
3.144090909090909,"[0.3013641028735705, -46.72857856589959, 33.15351376400083]","[-0.5116976398797899, -45.054215716409956, 35.392967687328564]"
3.154040404040404,"[0.30137348690547444, -46.707647624295326, 33.1829953053939]","[-0.5108224751045081, -45.019084453815765, 35.43765575416743]"
3.163989898989899,"[0.30128262983802423, -46.805380635167914, 33.04499844735585]","[-0.5149396971141853, -45.200235327630814, 35.206248216003864]"
3.173939393939394,"[0.30070554733467175, -46.98820871160313, 32.784511102964004]","[-0.5228983717955868, -45.69684548788572, 34.55909778568904]"
3.183888888888889,"[0.29912020578723975, -47.150210845151335, 32.551105885545695]","[-0.5305253807313209, -46.60450985204011, 33.32483389730908]"
3.193838383838384,"[0.29667558743264183, -47.12238751629645, 32.591393470846775]","[-0.5307189326180533, -47.77079307412943, 31.63030218785481]"
3.203787878787879,"[0.2948523464767854, -46.759747340325696, 33.10959741184458]","[-0.5188841991880727, -48.673805270825085, 30.222471600737382]"
3.213737373737374,"[0.2960545004720828, -46.084805402448126, 34.04275859508131]","[-0.5002823449027506, -48.73944063811203, 30.116822439810548]"
3.223686868686869,"[0.3019345100235007, -45.37835848069305, 34.97884742470961]","[-0.48716056716284317, -47.80670618998951, 31.576698178523426]"
3.233636363636364,"[0.3115418152020107, -45.0504628269423, 35.40007190370402]","[-0.48846905487180803, -46.269549895343985, 33.78899969629834]"
3.243585858585859,"[0.3211879989555697, -45.27754367802286, 35.1090761309067]","[-0.5046261975331521, -44.891413450287885, 35.59933567986655]"
3.253535353535354,"[0.32743571116523623, -45.82815846049171, 34.38719279014878]","[-0.5287556620678494, -44.26924285944655, 36.36978009437115]"
3.263484848484848,"[0.32978721593780796, -46.369687729824975, 33.653375020084795]","[-0.5521400406370928, -44.43419917579972, 36.1677126038215]"
3.273434343434344,"[0.3296233299808017, -46.77255706605723, 33.09117108798805]","[-0.5706999599284571, -45.10702294491764, 35.32473825259227]"
3.283383838383839,"[0.327951894887145, -47.021696393693034, 32.73620115141248]","[-0.5832310834843517, -46.1093557309923, 34.005786354498696]"
3.293333333333333,"[0.32515088691536104, -47.070418350695356, 32.66613450047319]","[-0.5870299422389731, -47.392380746193304, 32.19353961692478]"
3.303282828282828,"[0.32236956453935534, -46.73764466262414, 33.14053408238743]","[-0.5750003276181415, -48.60414954366928, 30.333354113444432]"
3.313232323232323,"[0.32348300277455283, -45.90443845954613, 34.285335618488595]","[-0.5492268401059889, -48.810479465942414, 30.000696561824448]"
3.323181818181818,"[0.333274233412658, -44.95087295352999, 35.52624802892494]","[-0.5316371349800657, -47.36911936242649, 32.228717672235206]"
3.333131313131313,"[0.35048425071877776, -44.84431601981578, 35.66049398867935]","[-0.5464984045304588, -44.95570428852335, 35.517493456442466]"
3.343080808080809,"[0.3630213745324979, -45.8351918547752, 34.37745995749724]","[-0.5947679367783739, -43.82046027471964, 36.90826279337518]"
3.353030303030303,"[0.3633401681708263, -46.785084455841265, 33.07310397277124]","[-0.6429757005821355, -45.241007867477585, 35.15173024752887]"
3.362979797979798,"[0.35811142418733316, -46.942956701694435, 32.848697422005216]","[-0.6543410274571042, -47.532893491927595, 31.984405952222986]"
3.372929292929293,"[0.3549081252412593, -46.40259078077995, 33.60773659540101]","[-0.6326044421961564, -48.8747851527144, 29.894172306780224]"
3.382878787878788,"[0.3582758937327435, -45.3956148068739, 34.955917162930305]","[-0.6010142415499049, -48.67846397912273, 30.213445293882806]"
3.392828282828283,"[0.3731639834192324, -44.4316704482487, 36.17310824122591]","[-0.5868758999532016, -46.65528920284699, 33.25275802228302]"
3.402777777777778,"[0.3979416813355319, -44.830875035094394, 35.67689218552746]","[-0.6263699908701343, -43.70456346604359, 37.04490711135405]"
3.412727272727273,"[0.4059810250938881, -46.58986415492109, 33.34705515401633]","[-0.7226230215117619, -44.70493403507365, 35.82949956251466]"
3.422676767676768,"[0.3952183454642312, -46.231639689856635, 33.84206914564216]","[-0.7134977414865835, -48.950844646818624, 29.767634762400345]"
3.432626262626263,"[0.412278733824302, -44.13250663681636, 36.53708026387358]","[-0.6546992806090863, -47.14152214599011, 32.55847982665712]"
3.442575757575758,"[0.448088555045438, -44.32718554233039, 36.300222982158076]","[-0.7004953578202177, -43.19504799274413, 37.636464833588555]"
3.452525252525252,"[0.46093683643775746, -45.83175431061218, 34.38086944881181]","[-0.7897194674082096, -42.96301604360086, 37.899366031793136]"
3.462474747474748,"[0.45915476567599206, -46.43875222115416, 33.55648698918214]","[-0.831867203613303, -44.374005199275594, 36.23619750390429]"
3.472424242424243,"[0.45946864795000825, -46.40073538404452, 33.609031440866815]","[-0.829007361474099, -44.226756031110035, 36.415836496928605]"
3.482373737373737,"[0.46039712623986634, -45.58785761932673, 34.70362549039924]","[-0.774295499357866, -42.72213824848424, 38.171006273987814]"
3.492323232323232,"[0.4395429391959118, -43.993575425406306, 36.70392994361003]","[-0.6790272913312797, -44.02429730866072, 36.663422077433246]"
3.502272727272727,"[0.3998619274426538, -44.99647938579808, 35.46777838171111]","[-0.6706028170576925, -48.67754324519577, 30.21346430791402]"
3.512222222222222,"[0.40560948788773216, -46.64056456273686, 33.27611107422641]","[-0.7258873936148974, -44.897938025490504, 35.58728141573544]"
3.522171717171717,"[0.36627217839831505, -44.703740332464164, 35.83640320945578]","[-0.5878116449007319, -47.58728280822379, 31.904722885679355]"
3.532121212121212,"[0.3639779913023669, -46.063633774826386, 34.07074277869893]","[-0.6056731561199021, -43.913260456532946, 36.79762310416802]"
3.542070707070707,"[0.3248852779934994, -47.06053801878051, 32.68036965749929]","[-0.5867323033400936, -47.50606965412496, 32.02554357436247]"
3.552020202020202,"[0.2948434969527768, -46.5124133021816, 33.456162752639294]","[-0.5114728045924879, -48.823276021922524, 29.9805347528871]"
3.561969696969697,"[0.27538516939199736, -45.84004463891691, 34.37180269526649]","[-0.4517488594531626, -48.26965089671966, 30.86491657673057]"
3.571919191919192,"[0.2575390569953684, -45.7829896080783, 34.44790104189891]","[-0.4153691741429617, -47.81281063614484, 31.56848044383942]"
3.581868686868687,"[0.2368131855636592, -46.30700348888933, 33.74035710253937]","[-0.3917725138105516, -48.43607544530317, 30.603912491151608]"
3.591818181818182,"[0.2205625595001294, -47.265637403129574, 32.383903764755864]","[-0.3833257234986189, -48.24563131685542, 30.9033731207373]"
3.601767676767677,"[0.20974715905050498, -46.77508380565962, 33.0885764443642]","[-0.3421555325850171, -45.705428742724806, 34.550008148290964]"
3.611717171717172,"[0.1858452912504743, -46.770340106185174, 33.09542412315079]","[-0.3077077151381955, -48.43066575407661, 30.613433008904757]"
3.621666666666667,"[0.17789967653917194, -47.38156317996725, 32.21431626372974]","[-0.2992019933501465, -46.56460315707192, 33.383447410405765]"
3.631616161616162,"[0.1671244585925144, -46.665711856681106, 33.242890312611166]","[-0.26691480374655235, -46.442291558499484, 33.55366837313935]"
3.641565656565657,"[0.15888453297553193, -46.67510487898101, 33.229741050045035]","[-0.2533953880615553, -46.66080596732835, 33.249230476334155]"
3.651515151515151,"[0.15429850716964666, -47.31567181504823, 32.311139606536315]","[-0.25491899528565304, -46.491704058908724, 33.48526272879513]"
3.661464646464646,"[0.14660009391200576, -47.07568079513275, 32.65983980516407]","[-0.24211863614669935, -48.37485909690301, 30.702129175882156]"
3.671414141414142,"[0.1470514930048407, -47.63426088468963, 31.839628073196405]","[-0.24971975073163455, -47.528333604980546, 31.996898205787314]"
3.681363636363637,"[0.14752589546851463, -47.56732372358967, 31.9395413225853]","[-0.24826921131046012, -47.046178042524275, 32.701710108212474]"
3.691313131313132,"[0.14660054878592663, -47.61109671489092, 31.87425807601085]","[-0.2494983536879861, -47.93119687278354, 31.390196987685762]"
3.701262626262626,"[0.14824081031270386, -46.764060066738274, 33.10448701835442]","[-0.23925295075116562, -47.858448312657686, 31.501079872632513]"
3.711212121212121,"[0.15310286339475365, -47.59672186382286, 31.8956890087493]","[-0.26112042077517233, -47.88258641557506, 31.464203220367498]"
3.721161616161616,"[0.1597381039912785, -47.48219207926331, 32.065905087769195]","[-0.27225678084407706, -48.22114641875787, 30.942741706541522]"
3.731111111111111,"[0.17800548624894325, -47.24286264467683, 32.41738103540766]","[-0.295867597665694, -46.294468068367244, 33.75708871693946]"
3.741060606060606,"[0.20468116840371858, -46.185096918053354, 33.90724521840521]","[-0.32422225124254545, -46.48256862531458, 33.49734383404845]"
3.751010101010101,"[0.24371109140622507, -45.75020388367759, 34.4915322871803]","[-0.386560426819816, -47.04349679469965, 32.70422496215504]"
3.760959595959596,"[0.271920675403712, -46.929391040442404, 32.86890119446155]","[-0.47708830300267063, -48.54907096593646, 30.423123526478133]"
3.770909090909091,"[0.2986447726194753, -47.16629905669466, 32.527794185987695]","[-0.5314400767469338, -46.84316235904443, 32.98851408688749]"
3.780858585858586,"[0.32539625595676647, -47.07722718163303, 32.65631865623047]","[-0.5872038700631722, -47.28664816169094, 32.34863903256484]"
3.790808080808081,"[0.3666418258584414, -44.68359924622443, 35.86150975887779]","[-0.5875929727660061, -47.536622094824125, 31.980160167265872]"
3.800757575757576,"[0.45701900842749266, -45.0172706500111, 35.44069450308967]","[-0.7402844092496408, -42.58920957403021, 38.31993680663499]"
3.810707070707071,"[0.47917066770704136, -43.25375928811318, 37.572450717632414]","[-0.7425438150899486, -45.741667148585066, 34.49572241832992]"
3.820656565656566,"[0.5177894403533931, -43.92656908707305, 36.78307725497965]","[-0.8115204131385747, -42.1310312075203, 38.82169488857685]"
3.830606060606061,"[0.5035798544259871, -43.37497928457177, 37.432124297252095]","[-0.772954807309928, -43.327522140659745, 37.48245877778351]"
3.840555555555556,"[0.4506370221388191, -44.670464154679614, 35.876913307745774]","[-0.7639598038575525, -48.854283659406455, 29.92459997320072]"
3.85050505050505,"[0.45837133019411486, -45.19214717540647, 35.21741159443438]","[-0.7504714509977027, -42.571943258544515, 38.33892003961832]"
3.860454545454546,"[0.3967646643735554, -46.62311729226794, 33.30065857853678]","[-0.7313244689751518, -48.321447060910494, 30.778389634164544]"
3.87040404040404,"[0.37857968028626354, -44.344484696722446, 36.27988015993945]","[-0.5898779299979329, -45.94644343302664, 34.22546902374207]"
3.880353535353535,"[0.35798686731934404, -46.93705493817523, 32.85713117643248]","[-0.6541174884047978, -47.581483412159685, 31.912081044981697]"
3.890303030303031,"[0.3590853514460427, -45.335048178132894, 35.03442327780622]","[-0.5714293286424607, -44.00046847495453, 36.693849518940425]"
3.900252525252526,"[0.33819180207482563, -44.78317924230423, 35.73735906958438]","[-0.5320630477874105, -46.64374166295658, 33.26987560247696]"
3.91020202020202,"[0.32990155593852094, -45.149853323551305, 35.27305288512659]","[-0.5337002842101205, -47.87645654381106, 31.470087747366552]"
3.920151515151515,"[0.3280302240529576, -45.30079856587676, 35.07900220185446]","[-0.5360387951553628, -48.15889872799474, 31.036099718369556]"
3.93010101010101,"[0.32996277183837414, -45.14547429625618, 35.27865679340722]","[-0.533640539781108, -47.867211267962524, 31.484149396391324]"
3.940050505050505,"[0.33446771828358274, -44.898283394610665, 35.59267662840768]","[-0.5314131483399883, -47.19119880112816, 32.488685811985626]"
3.95,"[0.3403881119403947, -44.74635986027464, 35.78342863952246]","[-0.5332924444836918, -46.32726863086416, 33.709140160854744]"
